,county,all pop,tindoor_07-02-2023,tindoor_08-02-2023,tindoor_09-02-2023,tindoor_10-02-2023,tindoor_11-02-2023,tindoor_12-02-2023,tindoor_13-02-2023,vulnerability_07-02-2023,vulnerability_08-02-2023,vulnerability_09-02-2023,vulnerability_10-02-2023,vulnerability_11-02-2023,vulnerability_12-02-2023,vulnerability_13-02-2023,toutdoor_07-02-2023,toutdoor_08-02-2023,toutdoor_09-02-2023,toutdoor_10-02-2023,toutdoor_11-02-2023,toutdoor_12-02-2023,toutdoor_13-02-2023,icaro_07-02-2023,icaro_08-02-2023,icaro_09-02-2023,icaro_10-02-2023,icaro_11-02-2023,icaro_12-02-2023,icaro_13-02-2023
41,agueda,79478,17.9,17.9,18.2,17.2,16.0,15.2,15.4,0.1097,0.1097,0.1097,0.1097,0.1097,0.1097,0.1097,6.8,10.8,6.6,6.8,7.1,9.5,5.6,0.1097,0.1097,0.1097,0.1097,0.1097,0.1097,0.1097
42,albergaria-a-velha,42057,17.6,18.0,18.4,17.2,16.2,15.6,15.5,0.0844,0.0844,0.0844,0.0844,0.0844,0.0844,0.0844,10.8,8.4,6.4,6.5,8.3,9.0,5.4,0.0844,0.0844,0.0844,0.0844,0.0844,0.0844,0.0844
43,anadia,47666,17.9,18.2,18.8,17.8,16.9,16.2,16.0,0.0969,0.0969,0.0969,0.0969,0.0969,0.0969,0.0969,11.6,9.7,8.2,7.2,9.0,10.0,7.1,0.0969,0.0969,0.0969,0.0969,0.0969,0.0969,0.0969
44,arouca,37231,17.1,17.2,17.7,16.8,15.0,14.5,14.8,0.1504,0.1504,0.1504,0.1504,0.1504,0.1504,0.1504,10.3,8.0,5.1,4.1,6.4,7.7,4.4,0.1504,0.1504,0.1504,0.1504,0.1504,0.1504,0.1504
45,aveiro,132203,12.2,12.0,12.1,12.0,11.1,10.3,11.0,0.0851,0.0851,0.0851,0.0851,0.0851,0.0851,0.0851,10.5,9.8,7.2,6.7,8.9,9.5,6.2,0.0851,0.0851,0.0851,0.0851,0.0851,0.0851,0.0851
46,castelo-de-paiva,28173,16.0,16.3,17.2,16.6,15.1,14.4,14.4,0.1076,0.1076,0.1076,0.1076,0.1076,0.1076,0.1076,9.7,5.7,1.9,2.8,5.2,7.4,1.3,0.1076,0.1076,0.1076,0.1076,0.1076,0.1076,0.1076
47,espinho,52975,17.7,18.0,18.8,18.2,17.0,16.3,16.3,0.1338,0.1338,0.1338,0.1338,0.1338,0.1338,0.1338,9.1,8.8,6.0,7.1,9.4,8.7,5.7,0.1338,0.1338,0.1338,0.1338,0.1338,0.1338,0.1338
48,estarreja,44649,17.0,17.3,18.1,17.4,16.1,15.7,15.6,0.0847,0.0847,0.0847,0.0847,0.0847,0.0847,0.0847,6.6,6.6,3.7,5.8,9.4,8.5,4.9,0.0847,0.0847,0.0847,0.0847,0.0847,0.0847,0.0847
49,santa-maria-da-feira,235959,17.1,17.5,18.4,17.9,16.3,15.6,15.6,0.1155,0.1155,0.1155,0.1155,0.1155,0.1155,0.1155,9.3,7.9,4.6,3.8,9.3,7.9,2.9,0.1155,0.1155,0.1155,0.1155,0.1155,0.1155,0.1155
50,ilhavo,64837,17.7,18.1,18.5,17.8,16.8,16.2,16.2,0.0998,0.0998,0.0998,0.0998,0.0998,0.0998,0.0998,7.7,8.0,6.3,6.1,8.2,8.9,5.2,0.0998,0.0998,0.0998,0.0998,0.0998,0.0998,0.0998
51,mealhada,33699,17.8,18.3,18.7,17.7,16.9,16.3,16.1,0.0935,0.0935,0.0935,0.0935,0.0935,0.0935,0.0935,12.0,9.6,7.6,6.8,8.6,9.9,7.6,0.0935,0.0935,0.0935,0.0935,0.0935,0.0935,0.0935
52,murtosa,17143,16.8,17.2,18.0,17.3,16.2,15.6,15.7,0.091,0.091,0.091,0.091,0.091,0.091,0.091,6.0,5.3,4.0,5.0,6.9,6.7,3.5,0.091,0.091,0.091,0.091,0.091,0.091,0.091
53,oliveira-de-azemeis,115501,17.3,17.3,18.0,17.3,15.7,15.0,15.0,0.0899,0.0899,0.0899,0.0899,0.0899,0.0899,0.0899,6.2,6.4,5.4,6.5,7.2,7.4,3.1,0.0899,0.0899,0.0899,0.0899,0.0899,0.0899,0.0899
54,oliveira-do-bairro,37693,17.1,17.2,17.8,17.1,16.2,15.6,15.5,0.0972,0.0972,0.0972,0.0972,0.0972,0.0972,0.0972,6.3,5.3,3.7,4.6,5.8,6.2,3.6,0.0972,0.0972,0.0972,0.0972,0.0972,0.0972,0.0972
55,ovar,93405,18.0,18.3,18.9,18.4,17.1,16.4,16.4,0.0857,0.0857,0.0857,0.0857,0.0857,0.0857,0.0857,11.1,9.7,7.0,8.5,10.0,9.9,7.3,0.0857,0.0857,0.0857,0.0857,0.0857,0.0857,0.0857
56,sao-joao-da-madeira,36725,18.1,18.5,18.9,18.2,16.6,15.7,15.7,0.8553,0.8553,0.8553,0.8553,0.8553,0.8553,0.8553,13.0,11.4,7.0,6.9,9.2,10.2,7.2,0.8553,0.8553,0.8553,0.8553,0.8553,0.8553,0.8553
57,sever-do-vouga,20196,16.5,16.8,17.2,16.3,15.3,14.5,15.0,0.0948,0.0948,0.0948,0.0948,0.0948,0.0948,0.0948,10.8,8.4,5.9,5.9,7.6,8.2,5.2,0.0948,0.0948,0.0948,0.0948,0.0948,0.0948,0.0948
58,vagos,37815,17.3,17.6,18.1,17.6,16.4,16.0,15.8,0.1007,0.1007,0.1007,0.1007,0.1007,0.1007,0.1007,7.7,6.6,5.1,5.5,7.2,7.4,3.9,0.1007,0.1007,0.1007,0.1007,0.1007,0.1007,0.1007
59,vale-de-cambra,38000,16.0,16.1,16.2,15.7,14.7,14.3,14.3,0.1258,0.1258,0.1258,0.1258,0.1258,0.1258,0.1258,6.2,1.7,0.9,2.8,5.2,2.4,3.0,0.1258,0.1258,0.1258,0.1258,0.1258,0.1258,0.1258
60,aljustrel,15093,17.9,18.2,18.8,18.3,16.8,15.5,15.2,0.1746,0.1746,0.1746,0.1746,0.1746,0.1746,0.1746,3.2,5.2,2.9,5.3,7.8,8.3,4.7,0.1746,0.1746,0.1746,0.1746,0.1746,0.1746,0.1746
61,almodovar,11774,16.0,16.6,18.1,17.8,14.8,12.6,11.8,0.214,0.214,0.214,0.214,0.214,0.214,0.214,3.9,4.6,4.4,6.2,8.2,7.4,2.9,0.214,0.214,0.214,0.214,0.214,0.214,0.214
62,alvito,3977,17.3,17.7,18.4,17.9,16.2,14.0,13.5,0.1734,0.1734,0.1734,0.1734,0.1734,0.1734,0.1734,4.9,3.5,2.4,6.3,8.1,8.1,5.3,0.1734,0.1734,0.1734,0.1734,0.1734,0.1734,0.1734
63,barrancos,2966,10.3,10.3,11.6,11.2,11.0,10.8,10.6,0.1473,0.1473,0.1473,0.1473,0.1473,0.1473,0.1473,4.2,4.3,4.3,8.1,7.5,7.0,3.6,0.1473,0.1473,0.1473,0.1473,0.1473,0.1473,0.1473
64,beja,58772,17.0,17.2,18.0,17.3,16.0,14.6,14.0,0.1291,0.1291,0.1291,0.1291,0.1291,0.1291,0.1291,4.1,4.1,2.5,4.1,8.0,6.5,4.5,0.1291,0.1291,0.1291,0.1291,0.1291,0.1291,0.1291
65,castro-verde,11828,16.6,17.0,18.2,18.1,16.3,13.7,12.8,1.0,1.0,1.0,1.0,1.0,1.0,1.0,1.2,3.9,2.0,4.5,7.1,7.2,1.9,1.0,1.0,1.0,1.0,1.0,1.0,1.0
66,cuba,7875,16.3,16.6,17.1,16.4,15.4,14.4,14.4,0.1294,0.1294,0.1294,0.1294,0.1294,0.1294,0.1294,4.4,3.4,3.1,6.2,8.4,8.8,4.9,0.1294,0.1294,0.1294,0.1294,0.1294,0.1294,0.1294
67,ferreira-do-alentejo,13288,17.3,17.7,18.9,18.4,16.4,14.0,13.1,0.1234,0.1234,0.1234,0.1234,0.1234,0.1234,0.1234,2.2,3.3,2.5,3.6,7.8,8.4,4.4,0.1234,0.1234,0.1234,0.1234,0.1234,0.1234,0.1234
68,mertola,11370,16.7,17.1,18.6,18.2,16.5,14.2,13.4,0.4577,0.4577,0.4577,0.4577,0.4577,0.4577,0.4577,1.3,2.9,2.0,3.1,9.4,6.5,4.1,0.4577,0.4577,0.4577,0.4577,0.4577,0.4577,0.4577
69,moura,24356,6.8,6.4,6.3,5.9,4.5,2.8,3.9,0.1205,0.1205,0.1205,0.1205,0.1205,0.1205,0.1205,1.8,3.5,2.9,8.2,8.4,6.5,3.4,0.1205,0.1205,0.1205,0.1205,0.1205,0.1205,0.1205
70,odemira,42135,18.1,18.7,19.0,18.4,16.8,15.6,15.5,0.128,0.128,0.128,0.128,0.128,0.128,0.128,4.9,5.5,4.8,5.4,6.3,9.5,7.2,0.128,0.128,0.128,0.128,0.128,0.128,0.128
71,ourique,8469,16.6,17.1,18.7,18.4,16.2,13.8,12.6,0.2274,0.2274,0.2274,0.2274,0.2274,0.2274,0.2274,3.2,4.2,2.5,5.9,8.5,6.7,2.8,0.2274,0.2274,0.2274,0.2274,0.2274,0.2274,0.2274
72,serpa,25256,17.2,17.1,18.3,17.6,15.5,13.0,12.3,0.1337,0.1337,0.1337,0.1337,0.1337,0.1337,0.1337,4.5,3.2,5.9,6.4,7.9,8.1,5.2,0.1337,0.1337,0.1337,0.1337,0.1337,0.1337,0.1337
73,vidigueira,9591,17.2,17.4,18.6,17.5,16.1,14.4,14.4,0.1106,0.1106,0.1106,0.1106,0.1106,0.1106,0.1106,6.2,4.3,2.7,6.6,8.9,8.3,5.3,0.1106,0.1106,0.1106,0.1106,0.1106,0.1106,0.1106
74,amares,31542,17.6,17.9,17.9,17.2,15.6,15.3,15.4,0.1213,0.1213,0.1213,0.1213,0.1213,0.1213,0.1213,12.7,5.6,6.4,6.8,8.2,7.7,4.6,0.1213,0.1213,0.1213,0.1213,0.1213,0.1213,0.1213
75,barcelos,204233,16.6,16.9,17.7,17.1,16.0,15.7,15.9,0.1018,0.1018,0.1018,0.1018,0.1018,0.1018,0.1018,7.1,5.2,2.9,4.9,5.7,5.3,2.7,0.1018,0.1018,0.1018,0.1018,0.1018,0.1018,0.1018
76,braga,309427,17.8,18.2,18.8,17.9,16.3,15.9,16.2,0.1589,0.1589,0.1589,0.1589,0.1589,0.1589,0.1589,12.3,9.2,5.6,7.6,8.4,8.6,6.0,0.1589,0.1589,0.1589,0.1589,0.1589,0.1589,0.1589
77,cabeceiras-de-basto,27476,11.8,11.6,11.8,11.6,10.6,9.7,10.6,0.2181,0.2181,0.2181,0.2181,0.2181,0.2181,0.2181,7.1,6.4,2.5,3.0,5.3,3.9,2.8,0.2181,0.2181,0.2181,0.2181,0.2181,0.2181,0.2181
78,celorico-de-basto,33312,14.8,15.5,16.2,15.6,14.5,14.1,14.0,0.1498,0.1498,0.1498,0.1498,0.1498,0.1498,0.1498,3.3,3.2,0.2,3.1,1.7,1.6,1.6,0.1498,0.1498,0.1498,0.1498,0.1498,0.1498,0.1498
79,esposende,57804,17.9,18.3,19.0,18.2,16.7,16.2,16.2,0.1021,0.1021,0.1021,0.1021,0.1021,0.1021,0.1021,12.3,10.6,7.1,7.6,9.7,8.7,7.4,0.1021,0.1021,0.1021,0.1021,0.1021,0.1021,0.1021
80,fafe,85007,16.6,16.8,17.6,17.2,15.9,15.5,15.7,0.1811,0.1811,0.1811,0.1811,0.1811,0.1811,0.1811,9.7,7.8,3.5,3.9,6.6,5.3,4.5,0.1811,0.1811,0.1811,0.1811,0.1811,0.1811,0.1811
81,guimaraes,269968,17.5,17.9,18.4,17.8,16.5,16.0,16.1,0.2025,0.2025,0.2025,0.2025,0.2025,0.2025,0.2025,12.1,9.0,5.4,6.6,7.9,8.0,4.9,0.2025,0.2025,0.2025,0.2025,0.2025,0.2025,0.2025
82,povoa-de-lanhoso,36372,17.3,17.6,18.1,17.2,16.0,15.3,15.4,0.1974,0.1974,0.1974,0.1974,0.1974,0.1974,0.1974,9.4,5.7,4.7,6.9,7.4,7.0,5.0,0.1974,0.1974,0.1974,0.1974,0.1974,0.1974,0.1974
83,terras-de-bouro,11782,16.0,16.2,16.5,16.0,14.3,13.9,13.9,0.1867,0.1867,0.1867,0.1867,0.1867,0.1867,0.1867,10.7,9.1,3.0,2.7,5.8,5.1,4.6,0.1867,0.1867,0.1867,0.1867,0.1867,0.1867,0.1867
84,vieira-do-minho,21251,16.1,16.5,16.9,16.3,15.0,14.7,14.5,0.1706,0.1706,0.1706,0.1706,0.1706,0.1706,0.1706,10.0,6.0,2.0,3.5,5.5,3.5,2.9,0.1706,0.1706,0.1706,0.1706,0.1706,0.1706,0.1706
85,vila-nova-de-famalicao,227603,17.4,17.9,18.5,17.9,16.5,15.9,16.1,0.1441,0.1441,0.1441,0.1441,0.1441,0.1441,0.1441,10.9,8.7,5.2,6.5,8.5,8.0,5.8,0.1441,0.1441,0.1441,0.1441,0.1441,0.1441,0.1441
86,vila-verde,79477,16.7,17.1,17.8,17.3,16.2,15.9,16.0,0.1621,0.1621,0.1621,0.1621,0.1621,0.1621,0.1621,7.8,6.4,3.8,7.9,5.6,5.2,4.3,0.1621,0.1621,0.1621,0.1621,0.1621,0.1621,0.1621
87,vizela,40773,16.9,17.3,17.9,17.4,16.0,15.4,15.5,0.2418,0.2418,0.2418,0.2418,0.2418,0.2418,0.2418,8.8,6.6,4.5,5.8,7.3,7.0,4.7,0.2418,0.2418,0.2418,0.2418,0.2418,0.2418,0.2418
88,alfandega-da-fe,8052,17.7,18.0,18.3,17.9,16.6,15.3,15.5,0.182,0.182,0.182,0.182,0.182,0.182,0.182,2.6,1.4,1.1,4.2,2.1,1.0,1.2,0.182,0.182,0.182,0.182,0.182,0.182,0.182
89,braganca,58100,14.1,14.2,15.0,14.7,14.6,14.0,14.4,0.2052,0.2052,0.2052,0.2052,0.2052,0.2052,0.2052,1.6,0.7,-0.5,3.0,0.8,-0.2,0.5,0.2052,0.2052,0.2052,0.2052,0.2052,0.2052,0.2052
90,carrazeda-de-ansiaes,10074,14.4,14.8,15.9,15.7,14.7,14.2,14.2,0.1447,0.1447,0.1447,0.1447,0.1447,0.1447,0.1447,1.5,1.3,-0.5,2.1,1.2,-0.5,-0.4,0.1447,0.1447,0.1447,0.1447,0.1447,0.1447,0.1447
91,freixo-de-espada-a-cinta,5819,14.6,14.8,15.5,14.8,14.3,14.0,14.2,0.1603,0.1603,0.1603,0.1603,0.1603,0.1603,0.1603,1.5,-0.3,-1.2,4.7,1.7,0.0,-0.1,0.1603,0.1603,0.1603,0.1603,0.1603,0.1603,0.1603
92,macedo-de-cavaleiros,25269,15.0,15.2,15.7,15.2,14.6,14.1,14.1,0.1695,0.1695,0.1695,0.1695,0.1695,0.1695,0.1695,1.8,0.8,-0.7,3.1,0.6,0.3,0.5,0.1695,0.1695,0.1695,0.1695,0.1695,0.1695,0.1695
93,miranda-do-douro,11811,13.9,14.1,14.9,14.5,13.8,13.3,13.4,0.329,0.329,0.329,0.329,0.329,0.329,0.329,0.8,1.2,-1.3,1.7,-0.1,-1.7,-1.6,0.329,0.329,0.329,0.329,0.329,0.329,0.329
94,mirandela,38788,16.3,16.5,17.0,16.6,15.5,15.6,15.8,0.153,0.153,0.153,0.153,0.153,0.153,0.153,5.6,5.9,2.0,6.2,4.8,3.6,2.6,0.153,0.153,0.153,0.153,0.153,0.153,0.153
95,mogadouro,15114,14.3,14.5,15.3,14.9,14.0,13.5,13.7,0.2549,0.2549,0.2549,0.2549,0.2549,0.2549,0.2549,1.5,1.0,-0.8,2.2,0.8,-0.9,-0.7,0.2549,0.2549,0.2549,0.2549,0.2549,0.2549,0.2549
96,torre-de-moncorvo,13453,15.1,15.1,15.7,15.1,13.8,13.7,13.9,0.1932,0.1932,0.1932,0.1932,0.1932,0.1932,0.1932,2.7,1.0,-0.3,3.8,4.2,0.4,1.3,0.1932,0.1932,0.1932,0.1932,0.1932,0.1932,0.1932
97,vila-flor,10744,15.1,15.4,16.0,15.7,14.4,14.2,14.3,0.1665,0.1665,0.1665,0.1665,0.1665,0.1665,0.1665,2.5,2.0,0.2,3.8,2.3,1.1,1.5,0.1665,0.1665,0.1665,0.1665,0.1665,0.1665,0.1665
98,vimioso,7122,14.5,14.6,15.2,14.9,14.2,13.8,14.0,0.3135,0.3135,0.3135,0.3135,0.3135,0.3135,0.3135,0.1,1.0,-0.7,2.8,0.2,-0.2,0.0,0.3135,0.3135,0.3135,0.3135,0.3135,0.3135,0.3135
99,vinhais,14018,15.2,15.3,15.6,14.9,14.2,13.9,13.9,0.2061,0.2061,0.2061,0.2061,0.2061,0.2061,0.2061,2.2,0.7,1.1,2.5,1.6,-0.3,-0.7,0.2061,0.2061,0.2061,0.2061,0.2061,0.2061,0.2061
100,belmonte,11072,15.8,16.1,16.8,16.2,15.0,14.5,14.5,0.1608,0.1608,0.1608,0.1608,0.1608,0.1608,0.1608,6.7,2.2,1.2,4.1,5.9,2.9,1.2,0.1608,0.1608,0.1608,0.1608,0.1608,0.1608,0.1608
101,castelo-branco,91755,16.2,16.5,16.9,16.5,15.4,14.9,15.0,0.1578,0.1578,0.1578,0.1578,0.1578,0.1578,0.1578,6.6,5.4,2.8,4.1,6.2,4.7,1.0,0.1578,0.1578,0.1578,0.1578,0.1578,0.1578,0.1578
102,covilha,84976,15.7,15.8,15.9,15.5,14.8,14.8,15.0,0.1854,0.1854,0.1854,0.1854,0.1854,0.1854,0.1854,10.1,2.6,2.1,1.3,3.8,4.9,1.8,0.1854,0.1854,0.1854,0.1854,0.1854,0.1854,0.1854
103,fundao,46899,14.6,15.0,15.6,15.7,14.6,14.1,14.0,0.1551,0.1551,0.1551,0.1551,0.1551,0.1551,0.1551,4.2,0.1,-0.1,1.6,3.8,2.1,-0.5,0.1551,0.1551,0.1551,0.1551,0.1551,0.1551,0.1551
104,idanha-a-nova,14417,16.7,17.2,17.5,17.0,15.8,15.6,15.7,0.1623,0.1623,0.1623,0.1623,0.1623,0.1623,0.1623,4.2,3.1,3.5,5.6,6.9,4.0,2.4,0.1623,0.1623,0.1623,0.1623,0.1623,0.1623,0.1623
105,oleiros,8785,15.8,16.0,16.1,15.6,14.5,13.8,13.9,0.1345,0.1345,0.1345,0.1345,0.1345,0.1345,0.1345,5.0,2.2,1.2,2.5,4.0,2.4,0.3,0.1345,0.1345,0.1345,0.1345,0.1345,0.1345,0.1345
106,penamacor,8468,16.4,16.6,16.6,16.5,15.2,14.5,14.6,0.166,0.166,0.166,0.166,0.166,0.166,0.166,4.7,4.1,3.6,3.1,5.4,4.6,1.3,0.166,0.166,0.166,0.166,0.166,0.166,0.166
107,proenca-a-nova,13063,16.6,16.7,17.2,16.9,16.0,15.4,15.7,0.1714,0.1714,0.1714,0.1714,0.1714,0.1714,0.1714,11.3,3.9,4.4,4.5,5.8,6.8,2.7,0.1714,0.1714,0.1714,0.1714,0.1714,0.1714,0.1714
108,serta,25379,16.2,16.8,17.1,16.8,15.7,14.9,15.0,0.1553,0.1553,0.1553,0.1553,0.1553,0.1553,0.1553,12.3,5.0,2.9,4.7,6.6,7.6,3.4,0.1553,0.1553,0.1553,0.1553,0.1553,0.1553,0.1553
109,vila-de-rei,5167,16.6,16.7,17.2,16.8,15.6,15.1,15.0,0.2525,0.2525,0.2525,0.2525,0.2525,0.2525,0.2525,6.6,5.7,3.7,3.9,5.6,7.0,2.8,0.2525,0.2525,0.2525,0.2525,0.2525,0.2525,0.2525
110,vila-velha-de-rodao,5244,16.3,16.9,17.3,16.6,15.8,15.2,15.2,0.1853,0.1853,0.1853,0.1853,0.1853,0.1853,0.1853,5.3,4.1,3.7,5.9,7.1,5.0,3.4,0.1853,0.1853,0.1853,0.1853,0.1853,0.1853,0.1853
111,arganil,19308,14.7,15.0,16.3,15.4,13.8,13.1,12.8,0.1195,0.1195,0.1195,0.1195,0.1195,0.1195,0.1195,5.7,3.2,5.5,3.8,6.1,7.6,0.8,0.1195,0.1195,0.1195,0.1195,0.1195,0.1195,0.1195
112,cantanhede,59371,16.9,17.3,17.8,17.2,16.2,15.7,15.6,0.0922,0.0922,0.0922,0.0922,0.0922,0.0922,0.0922,7.4,5.6,2.9,5.8,7.7,6.3,2.5,0.0922,0.0922,0.0922,0.0922,0.0922,0.0922,0.0922
113,coimbra,240169,18.0,18.3,18.8,18.1,17.0,16.2,16.0,0.0972,0.0972,0.0972,0.0972,0.0972,0.0972,0.0972,10.9,9.5,7.5,6.9,8.7,10.2,7.4,0.0972,0.0972,0.0972,0.0972,0.0972,0.0972,0.0972
114,condeixa-a-nova,28172,17.2,17.6,18.1,17.4,16.3,15.5,15.1,0.0964,0.0964,0.0964,0.0964,0.0964,0.0964,0.0964,5.5,5.1,4.7,5.2,7.7,7.4,4.0,0.0964,0.0964,0.0964,0.0964,0.0964,0.0964,0.0964
115,figueira-da-foz,102016,17.1,17.0,17.5,17.1,16.1,16.0,16.0,0.0882,0.0882,0.0882,0.0882,0.0882,0.0882,0.0882,6.0,4.6,3.2,6.3,6.8,7.3,2.0,0.0882,0.0882,0.0882,0.0882,0.0882,0.0882,0.0882
116,gois,6603,13.2,13.4,14.1,13.2,11.7,10.2,9.5,0.1377,0.1377,0.1377,0.1377,0.1377,0.1377,0.1377,4.6,2.6,2.9,2.4,3.7,5.9,1.7,0.1377,0.1377,0.1377,0.1377,0.1377,0.1377,0.1377
117,lousa,29271,17.9,18.0,18.3,17.2,16.2,15.3,15.0,0.0991,0.0991,0.0991,0.0991,0.0991,0.0991,0.0991,6.0,2.6,7.1,4.9,7.0,7.5,6.2,0.0991,0.0991,0.0991,0.0991,0.0991,0.0991,0.0991
118,mira,20226,17.1,17.6,18.1,17.4,16.5,16.1,16.0,0.0973,0.0973,0.0973,0.0973,0.0973,0.0973,0.0973,5.9,4.1,3.7,6.0,7.7,8.6,3.5,0.0973,0.0973,0.0973,0.0973,0.0973,0.0973,0.0973
119,miranda-do-corvo,21547,17.2,18.0,18.2,17.4,16.3,15.4,14.9,0.0972,0.0972,0.0972,0.0972,0.0972,0.0972,0.0972,3.7,2.7,2.2,5.3,5.5,5.0,2.0,0.0972,0.0972,0.0972,0.0972,0.0972,0.0972,0.0972
120,montemor-o-velho,43114,17.5,17.6,17.9,17.3,16.1,15.7,15.4,0.0901,0.0901,0.0901,0.0901,0.0901,0.0901,0.0901,5.7,3.6,5.9,6.3,7.5,7.9,4.5,0.0901,0.0901,0.0901,0.0901,0.0901,0.0901,0.0901
121,oliveira-do-hospital,33856,16.5,16.8,16.9,16.8,15.4,14.7,14.9,0.1212,0.1212,0.1212,0.1212,0.1212,0.1212,0.1212,5.8,2.0,1.7,2.5,5.3,3.5,2.0,0.1212,0.1212,0.1212,0.1212,0.1212,0.1212,0.1212
122,pampilhosa-da-serra,6748,15.7,15.7,16.1,15.9,14.7,14.1,14.3,0.2382,0.2382,0.2382,0.2382,0.2382,0.2382,0.2382,7.8,4.2,2.3,2.3,3.9,4.8,0.8,0.2382,0.2382,0.2382,0.2382,0.2382,0.2382,0.2382
123,penacova,24891,15.8,16.3,17.1,16.4,15.6,14.8,14.8,0.0868,0.0868,0.0868,0.0868,0.0868,0.0868,0.0868,3.3,2.8,1.2,5.2,3.5,3.9,1.6,0.0868,0.0868,0.0868,0.0868,0.0868,0.0868,0.0868
124,penela,9481,16.3,16.6,17.3,15.8,14.6,12.5,11.8,0.1166,0.1166,0.1166,0.1166,0.1166,0.1166,0.1166,7.6,3.7,6.7,5.8,7.6,10.1,5.4,0.1166,0.1166,0.1166,0.1166,0.1166,0.1166,0.1166
125,soure,30846,16.9,17.2,18.0,17.5,16.4,15.8,15.3,0.101,0.101,0.101,0.101,0.101,0.101,0.101,6.2,5.3,3.9,5.9,5.6,7.2,2.6,0.101,0.101,0.101,0.101,0.101,0.101,0.101
126,tabua,19443,15.8,15.8,16.8,16.2,15.2,14.4,14.2,0.1117,0.1117,0.1117,0.1117,0.1117,0.1117,0.1117,5.5,2.1,-0.0,3.7,6.6,3.0,0.2,0.1117,0.1117,0.1117,0.1117,0.1117,0.1117,0.1117
127,vila-nova-de-poiares,11982,16.3,16.6,17.1,16.4,15.7,15.0,14.8,0.1016,0.1016,0.1016,0.1016,0.1016,0.1016,0.1016,4.6,4.0,3.0,4.2,3.9,5.4,2.1,0.1016,0.1016,0.1016,0.1016,0.1016,0.1016,0.1016
128,alandroal,9244,15.4,15.7,16.8,15.7,14.4,12.9,13.0,0.1968,0.1968,0.1968,0.1968,0.1968,0.1968,0.1968,0.7,1.2,1.4,7.1,7.4,5.8,2.6,0.1968,0.1968,0.1968,0.1968,0.1968,0.1968,0.1968
129,arraiolos,11882,15.8,16.0,17.0,16.2,14.3,12.5,11.7,0.2829,0.2829,0.2829,0.2829,0.2829,0.2829,0.2829,3.4,3.8,2.3,6.9,7.9,7.9,3.0,0.2829,0.2829,0.2829,0.2829,0.2829,0.2829,0.2829
130,borba,11865,13.7,14.0,15.1,14.8,13.6,12.0,12.0,0.1104,0.1104,0.1104,0.1104,0.1104,0.1104,0.1104,2.4,4.4,0.8,5.5,5.6,4.9,1.3,0.1104,0.1104,0.1104,0.1104,0.1104,0.1104,0.1104
131,estremoz,22888,14.8,15.0,16.2,15.4,13.6,11.3,11.1,0.1566,0.1566,0.1566,0.1566,0.1566,0.1566,0.1566,6.2,5.7,2.7,5.4,6.8,7.2,2.4,0.1566,0.1566,0.1566,0.1566,0.1566,0.1566,0.1566
132,evora,93877,16.9,17.2,17.7,17.2,16.3,15.5,15.4,0.1922,0.1922,0.1922,0.1922,0.1922,0.1922,0.1922,2.7,1.3,0.5,6.7,8.4,5.0,2.9,0.1922,0.1922,0.1922,0.1922,0.1922,0.1922,0.1922
133,montemor-o-novo,27776,17.2,17.5,18.0,17.6,16.2,15.1,14.8,0.1807,0.1807,0.1807,0.1807,0.1807,0.1807,0.1807,4.2,6.3,3.2,7.0,7.9,8.5,3.2,0.1807,0.1807,0.1807,0.1807,0.1807,0.1807,0.1807
134,mora,7796,17.8,18.3,18.4,17.9,16.4,15.1,15.3,0.1397,0.1397,0.1397,0.1397,0.1397,0.1397,0.1397,2.0,1.9,0.6,6.9,8.7,6.2,1.6,0.1397,0.1397,0.1397,0.1397,0.1397,0.1397,0.1397
135,mourao,4231,17.1,17.7,18.1,17.3,16.4,15.6,15.4,0.1385,0.1385,0.1385,0.1385,0.1385,0.1385,0.1385,3.9,4.3,2.9,6.7,8.3,6.9,6.1,0.1385,0.1385,0.1385,0.1385,0.1385,0.1385,0.1385
136,portel,10282,15.1,15.6,16.2,15.3,13.9,12.2,11.8,0.1181,0.1181,0.1181,0.1181,0.1181,0.1181,0.1181,3.3,2.2,0.5,6.4,7.8,6.7,2.9,0.1181,0.1181,0.1181,0.1181,0.1181,0.1181,0.1181
137,redondo,11350,15.7,16.0,17.0,16.1,14.7,12.9,12.8,0.1339,0.1339,0.1339,0.1339,0.1339,0.1339,0.1339,2.4,3.2,1.9,6.7,7.4,6.9,3.0,0.1339,0.1339,0.1339,0.1339,0.1339,0.1339,0.1339
138,reguengos-de-monsaraz,17500,16.2,16.8,17.7,16.3,14.8,13.0,12.8,0.1365,0.1365,0.1365,0.1365,0.1365,0.1365,0.1365,1.1,1.1,-0.1,8.3,8.4,5.7,4.4,0.1365,0.1365,0.1365,0.1365,0.1365,0.1365,0.1365
139,vendas-novas,19047,17.4,17.7,18.3,17.6,16.5,15.7,15.3,0.0952,0.0952,0.0952,0.0952,0.0952,0.0952,0.0952,3.1,4.0,2.1,6.7,8.3,8.8,3.6,0.0952,0.0952,0.0952,0.0952,0.0952,0.0952,0.0952
140,viana-do-alentejo,9196,17.2,17.6,18.3,17.6,16.1,15.1,15.1,0.291,0.291,0.291,0.291,0.291,0.291,0.291,1.4,2.1,0.5,6.3,7.4,7.4,2.7,0.291,0.291,0.291,0.291,0.291,0.291,0.291
141,vila-vicosa,13626,14.7,15.3,16.6,15.6,14.4,13.1,13.0,0.1659,0.1659,0.1659,0.1659,0.1659,0.1659,0.1659,2.3,2.7,0.2,6.6,6.3,5.8,2.3,0.1659,0.1659,0.1659,0.1659,0.1659,0.1659,0.1659
142,albufeira,69649,18.7,19.2,20.1,19.3,17.8,16.1,16.0,0.3542,0.3542,0.3542,0.3542,0.3542,0.3542,0.3542,7.3,7.9,6.4,7.2,8.4,10.7,8.5,0.3542,0.3542,0.3542,0.3542,0.3542,0.3542,0.3542
143,alcoutim,4322,17.5,17.2,18.5,18.8,17.1,14.5,13.7,0.6434,0.6434,0.6434,0.6434,0.6434,0.6434,0.6434,3.8,5.1,3.4,5.8,9.6,8.1,5.6,0.6434,0.6434,0.6434,0.6434,0.6434,0.6434,0.6434
144,aljezur,9400,18.5,19.3,19.6,19.1,17.9,17.1,16.6,0.1734,0.1734,0.1734,0.1734,0.1734,0.1734,0.1734,6.5,8.6,7.2,7.8,9.0,11.9,9.7,0.1734,0.1734,0.1734,0.1734,0.1734,0.1734,0.1734
145,castro-marim,10853,17.7,17.9,18.8,18.9,17.6,16.5,16.2,0.1894,0.1894,0.1894,0.1894,0.1894,0.1894,0.1894,3.7,4.6,6.3,7.4,8.6,7.7,4.9,0.1894,0.1894,0.1894,0.1894,0.1894,0.1894,0.1894
146,faro,108066,18.6,19.2,19.7,18.7,17.8,16.6,16.3,0.107,0.107,0.107,0.107,0.107,0.107,0.107,7.4,8.5,7.2,8.4,9.6,10.5,8.7,0.107,0.107,0.107,0.107,0.107,0.107,0.107
147,lagoa,38262,18.3,19.1,19.5,19.0,17.6,16.3,16.1,0.1851,0.1851,0.1851,0.1851,0.1851,0.1851,0.1851,6.0,7.1,5.2,5.9,7.1,10.5,8.0,0.1851,0.1851,0.1851,0.1851,0.1851,0.1851,0.1851
148,lagos,51303,18.6,19.3,20.0,19.2,17.9,16.8,16.4,0.2081,0.2081,0.2081,0.2081,0.2081,0.2081,0.2081,7.7,7.1,5.7,5.9,9.0,10.6,8.1,0.2081,0.2081,0.2081,0.2081,0.2081,0.2081,0.2081
149,loule,117319,17.9,18.2,19.2,18.8,17.4,16.1,15.9,0.1334,0.1334,0.1334,0.1334,0.1334,0.1334,0.1334,6.8,6.1,5.2,5.2,6.4,8.8,6.9,0.1334,0.1334,0.1334,0.1334,0.1334,0.1334,0.1334
150,monchique,9576,15.6,16.0,18.0,17.3,15.0,12.8,12.0,0.1355,0.1355,0.1355,0.1355,0.1355,0.1355,0.1355,6.6,7.1,4.3,4.4,4.2,8.0,5.7,0.1355,0.1355,0.1355,0.1355,0.1355,0.1355,0.1355
151,olhao,75268,18.3,18.6,19.5,18.6,17.9,16.8,16.7,0.1178,0.1178,0.1178,0.1178,0.1178,0.1178,0.1178,6.6,7.2,6.0,9.7,9.5,9.4,7.9,0.1178,0.1178,0.1178,0.1178,0.1178,0.1178,0.1178
152,portimao,92309,18.3,18.9,19.6,19.3,18.1,16.7,16.6,0.2253,0.2253,0.2253,0.2253,0.2253,0.2253,0.2253,7.2,7.4,5.3,5.9,7.3,10.0,7.3,0.2253,0.2253,0.2253,0.2253,0.2253,0.2253,0.2253
153,sao-bras-de-alportel,17406,17.5,17.7,18.4,18.2,17.2,15.9,15.8,0.1031,0.1031,0.1031,0.1031,0.1031,0.1031,0.1031,5.4,4.7,4.3,5.9,7.1,8.0,5.7,0.1031,0.1031,0.1031,0.1031,0.1031,0.1031,0.1031
154,silves,60780,18.1,18.6,19.3,19.0,17.5,16.1,15.8,0.1442,0.1442,0.1442,0.1442,0.1442,0.1442,0.1442,5.4,6.6,6.9,4.2,7.3,8.8,5.6,0.1442,0.1442,0.1442,0.1442,0.1442,0.1442,0.1442
155,tavira,42589,17.6,17.8,18.6,18.3,17.2,16.0,15.8,0.2494,0.2494,0.2494,0.2494,0.2494,0.2494,0.2494,5.7,5.6,5.0,6.8,8.3,8.1,6.0,0.2494,0.2494,0.2494,0.2494,0.2494,0.2494,0.2494
156,vila-do-bispo,8600,18.5,19.2,19.8,19.0,18.2,17.1,16.8,0.4496,0.4496,0.4496,0.4496,0.4496,0.4496,0.4496,7.4,7.5,6.7,8.4,10.6,10.3,8.0,0.4496,0.4496,0.4496,0.4496,0.4496,0.4496,0.4496
157,vila-real-de-santo-antonio,31567,17.8,17.9,19.2,18.8,18.1,16.9,16.7,0.1903,0.1903,0.1903,0.1903,0.1903,0.1903,0.1903,5.0,6.1,6.8,8.8,11.8,8.3,6.6,0.1903,0.1903,0.1903,0.1903,0.1903,0.1903,0.1903
158,aguiar-da-beira,8696,14.6,14.7,15.5,15.3,14.2,13.8,13.9,0.1727,0.1727,0.1727,0.1727,0.1727,0.1727,0.1727,3.0,0.8,-0.3,2.1,1.6,1.0,0.1,0.1727,0.1727,0.1727,0.1727,0.1727,0.1727,0.1727
159,almeida,11219,13.8,14.2,15.4,15.1,13.8,13.4,13.3,0.5661,0.5661,0.5661,0.5661,0.5661,0.5661,0.5661,0.6,-1.1,-1.9,2.9,1.5,-0.9,-0.1,0.5661,0.5661,0.5661,0.5661,0.5661,0.5661,0.5661
160,celorico-da-beira,12180,14.4,14.8,15.9,15.7,14.8,14.3,14.3,0.4812,0.4812,0.4812,0.4812,0.4812,0.4812,0.4812,1.6,0.8,-0.2,3.3,3.7,1.2,-0.1,0.4812,0.4812,0.4812,0.4812,0.4812,0.4812,0.4812
161,figueira-de-castelo-rodrigo,9805,13.8,14.4,15.6,15.0,13.6,13.4,13.4,0.1832,0.1832,0.1832,0.1832,0.1832,0.1832,0.1832,0.5,-0.9,-1.7,3.2,-0.1,-0.1,-1.5,0.1832,0.1832,0.1832,0.1832,0.1832,0.1832,0.1832
162,fornos-de-algodres,7844,10.7,11.1,12.6,12.0,10.4,9.7,9.3,0.298,0.298,0.298,0.298,0.298,0.298,0.298,3.2,-1.3,-1.2,2.9,5.1,0.9,-1.3,0.298,0.298,0.298,0.298,0.298,0.298,0.298
163,gouveia,22064,15.8,15.9,16.4,15.8,14.3,13.7,13.7,0.2373,0.2373,0.2373,0.2373,0.2373,0.2373,0.2373,7.5,4.9,4.0,2.4,4.4,5.6,2.7,0.2373,0.2373,0.2373,0.2373,0.2373,0.2373,0.2373
164,guarda,70376,13.9,14.4,15.1,14.9,13.7,13.1,13.0,0.2871,0.2871,0.2871,0.2871,0.2871,0.2871,0.2871,1.1,-1.5,-1.8,0.1,2.0,-0.9,-2.8,0.2871,0.2871,0.2871,0.2871,0.2871,0.2871,0.2871
165,manteigas,5529,14.5,14.9,15.6,15.5,14.3,13.8,13.7,0.1562,0.1562,0.1562,0.1562,0.1562,0.1562,0.1562,3.8,2.3,0.1,0.6,2.8,0.3,-1.0,0.1562,0.1562,0.1562,0.1562,0.1562,0.1562,0.1562
166,meda,8094,14.3,14.5,15.4,15.1,14.2,14.2,14.2,0.1702,0.1702,0.1702,0.1702,0.1702,0.1702,0.1702,0.7,0.3,-0.9,2.8,0.8,-0.2,-0.6,0.1702,0.1702,0.1702,0.1702,0.1702,0.1702,0.1702
167,pinhel,15115,13.8,14.1,15.3,14.9,14.0,13.6,13.6,0.19,0.19,0.19,0.19,0.19,0.19,0.19,0.8,-0.7,-1.4,2.4,2.2,-0.6,-1.2,0.19,0.19,0.19,0.19,0.19,0.19,0.19
168,sabugal,18930,14.5,15.2,15.6,15.0,13.6,13.1,13.2,0.2424,0.2424,0.2424,0.2424,0.2424,0.2424,0.2424,0.2,-1.1,-2.4,0.9,3.9,-0.5,-0.2,0.2424,0.2424,0.2424,0.2424,0.2424,0.2424,0.2424
169,seia,40165,16.9,17.2,17.1,16.2,15.1,14.4,14.6,0.1899,0.1899,0.1899,0.1899,0.1899,0.1899,0.1899,13.0,4.3,5.2,3.6,8.3,4.8,6.6,0.1899,0.1899,0.1899,0.1899,0.1899,0.1899,0.1899
170,trancoso,15682,13.7,14.0,14.8,14.6,13.5,13.5,13.5,0.2306,0.2306,0.2306,0.2306,0.2306,0.2306,0.2306,1.1,-0.1,-1.4,1.6,0.8,-0.3,-1.4,0.2306,0.2306,0.2306,0.2306,0.2306,0.2306,0.2306
171,vila-nova-de-foz-coa,11556,14.6,14.8,15.7,15.5,14.7,14.6,14.6,0.1254,0.1254,0.1254,0.1254,0.1254,0.1254,0.1254,1.6,0.8,0.0,4.3,1.5,0.5,0.2,0.1254,0.1254,0.1254,0.1254,0.1254,0.1254,0.1254
172,alcobaca,93398,18.2,18.1,18.3,18.0,16.5,15.8,15.2,0.1095,0.1095,0.1095,0.1095,0.1095,0.1095,0.1095,5.3,6.7,3.0,5.5,8.4,7.8,7.1,0.1095,0.1095,0.1095,0.1095,0.1095,0.1095,0.1095
173,alvaiazere,11396,17.0,17.0,17.4,16.8,15.8,15.1,15.1,0.1206,0.1206,0.1206,0.1206,0.1206,0.1206,0.1206,8.6,5.5,4.4,5.0,6.0,7.9,3.9,0.1206,0.1206,0.1206,0.1206,0.1206,0.1206,0.1206
174,ansiao,21049,17.1,17.3,17.7,16.9,15.9,14.9,15.2,0.115,0.115,0.115,0.115,0.115,0.115,0.115,3.0,2.4,5.6,4.2,6.9,6.3,3.6,0.115,0.115,0.115,0.115,0.115,0.115,0.115
175,batalha,26179,15.9,16.1,16.1,15.0,13.5,12.6,12.2,0.1091,0.1091,0.1091,0.1091,0.1091,0.1091,0.1091,10.0,9.2,5.5,6.2,7.3,9.3,4.5,0.1091,0.1091,0.1091,0.1091,0.1091,0.1091,0.1091
176,bombarral,21569,16.9,17.3,17.8,17.2,16.2,15.7,15.6,0.0936,0.0936,0.0936,0.0936,0.0936,0.0936,0.0936,4.1,3.7,5.5,6.0,8.9,7.4,5.5,0.0936,0.0936,0.0936,0.0936,0.0936,0.0936,0.0936
177,caldas-da-rainha,85099,17.8,17.9,18.4,18.1,17.0,16.2,16.0,0.1082,0.1082,0.1082,0.1082,0.1082,0.1082,0.1082,5.5,6.1,6.8,6.6,9.1,7.9,6.3,0.1082,0.1082,0.1082,0.1082,0.1082,0.1082,0.1082
178,castanheira-de-pera,5044,15.1,15.1,15.6,15.7,14.6,13.7,14.2,0.2109,0.2109,0.2109,0.2109,0.2109,0.2109,0.2109,4.1,3.6,1.5,3.0,4.2,3.5,1.4,0.2109,0.2109,0.2109,0.2109,0.2109,0.2109,0.2109
179,figueiro-dos-vinhos,9856,16.4,16.4,16.8,16.5,15.5,14.5,14.7,0.2487,0.2487,0.2487,0.2487,0.2487,0.2487,0.2487,8.7,3.9,3.3,4.4,6.1,6.4,2.3,0.2487,0.2487,0.2487,0.2487,0.2487,0.2487,0.2487
180,leiria,212441,17.1,17.5,18.4,18.0,16.7,15.9,15.5,0.0893,0.0893,0.0893,0.0893,0.0893,0.0893,0.0893,3.0,5.0,3.9,6.7,7.7,7.8,5.3,0.0893,0.0893,0.0893,0.0893,0.0893,0.0893,0.0893
181,marinha-grande,64400,16.9,17.3,18.2,17.8,16.5,15.8,15.4,0.0852,0.0852,0.0852,0.0852,0.0852,0.0852,0.0852,1.7,4.4,4.4,6.7,7.9,8.9,3.3,0.0852,0.0852,0.0852,0.0852,0.0852,0.0852,0.0852
182,nazare,25157,18.0,18.1,18.9,18.3,16.9,16.3,16.1,0.1063,0.1063,0.1063,0.1063,0.1063,0.1063,0.1063,6.1,6.3,6.3,6.5,7.2,9.9,5.7,0.1063,0.1063,0.1063,0.1063,0.1063,0.1063,0.1063
183,obidos,19223,19.2,19.2,19.8,19.7,18.8,18.8,18.5,0.1064,0.1064,0.1064,0.1064,0.1064,0.1064,0.1064,2.9,4.8,6.3,5.5,9.3,7.4,6.3,0.1064,0.1064,0.1064,0.1064,0.1064,0.1064,0.1064
184,pedrogao-grande,6085,16.6,16.6,17.1,16.6,15.3,14.6,14.6,0.2789,0.2789,0.2789,0.2789,0.2789,0.2789,0.2789,9.8,7.4,3.6,5.5,6.0,7.2,2.9,0.2789,0.2789,0.2789,0.2789,0.2789,0.2789,0.2789
185,peniche,45685,17.5,17.5,18.1,17.7,16.9,17.0,16.6,0.1861,0.1861,0.1861,0.1861,0.1861,0.1861,0.1861,4.8,8.8,5.6,5.6,8.7,8.7,5.6,0.1861,0.1861,0.1861,0.1861,0.1861,0.1861,0.1861
186,pombal,89536,17.2,17.8,18.5,17.8,16.4,15.5,14.9,0.1002,0.1002,0.1002,0.1002,0.1002,0.1002,0.1002,3.3,3.0,3.4,5.8,7.8,7.2,5.6,0.1002,0.1002,0.1002,0.1002,0.1002,0.1002,0.1002
187,porto-de-mos,39966,16.5,16.7,17.1,16.9,15.6,14.7,14.1,0.1457,0.1457,0.1457,0.1457,0.1457,0.1457,0.1457,5.6,4.6,3.0,4.6,5.9,7.0,2.2,0.1457,0.1457,0.1457,0.1457,0.1457,0.1457,0.1457
188,alenquer,71820,16.8,17.0,17.8,17.4,16.7,15.9,16.1,0.0884,0.0884,0.0884,0.0884,0.0884,0.0884,0.0884,6.0,4.0,3.5,5.5,7.9,6.9,3.6,0.0884,0.0884,0.0884,0.0884,0.0884,0.0884,0.0884
189,arruda-dos-vinhos,22011,16.0,16.1,17.2,17.1,16.3,16.1,15.8,0.1284,0.1284,0.1284,0.1284,0.1284,0.1284,0.1284,4.8,2.7,1.4,5.6,8.1,6.0,2.3,0.1284,0.1284,0.1284,0.1284,0.1284,0.1284,0.1284
190,azambuja,36027,17.2,17.3,17.8,17.4,16.6,16.2,16.1,0.0953,0.0953,0.0953,0.0953,0.0953,0.0953,0.0953,4.7,2.9,3.4,6.6,5.6,7.5,3.0,0.0953,0.0953,0.0953,0.0953,0.0953,0.0953,0.0953
191,cadaval,22792,16.8,17.1,17.7,17.5,16.6,15.7,15.2,0.0887,0.0887,0.0887,0.0887,0.0887,0.0887,0.0887,6.0,8.0,4.0,6.1,7.9,7.6,3.7,0.0887,0.0887,0.0887,0.0887,0.0887,0.0887,0.0887
192,cascais,343589,18.1,18.3,19.1,18.7,17.8,17.3,17.1,0.4227,0.4227,0.4227,0.4227,0.4227,0.4227,0.4227,10.9,8.9,5.5,5.4,9.1,9.0,5.8,0.4227,0.4227,0.4227,0.4227,0.4227,0.4227,0.4227
193,lisboa,894012,17.1,17.3,18.3,17.9,17.1,16.4,16.2,0.2381,0.2381,0.2381,0.2381,0.2381,0.2381,0.2381,8.1,6.6,4.1,5.9,8.8,8.2,4.3,0.2381,0.2381,0.2381,0.2381,0.2381,0.2381,0.2381
194,loures,342775,17.5,17.6,18.5,18.2,17.4,16.8,16.6,0.189,0.189,0.189,0.189,0.189,0.189,0.189,10.5,6.7,4.4,5.7,9.3,8.6,4.9,0.189,0.189,0.189,0.189,0.189,0.189,0.189
195,lourinha,42451,17.2,17.4,18.0,17.6,17.0,16.6,16.3,0.2897,0.2897,0.2897,0.2897,0.2897,0.2897,0.2897,8.1,7.9,4.9,5.3,8.2,8.1,4.8,0.2897,0.2897,0.2897,0.2897,0.2897,0.2897,0.2897
196,mafra,127661,17.3,17.5,18.0,17.7,16.5,16.2,15.7,0.1698,0.1698,0.1698,0.1698,0.1698,0.1698,0.1698,5.0,5.0,2.2,4.6,8.5,8.4,4.0,0.1698,0.1698,0.1698,0.1698,0.1698,0.1698,0.1698
197,oeiras,284712,17.5,17.7,18.6,18.3,17.6,17.0,16.8,0.5558,0.5558,0.5558,0.5558,0.5558,0.5558,0.5558,9.6,7.4,5.2,5.5,9.2,8.3,4.9,0.5558,0.5558,0.5558,0.5558,0.5558,0.5558,0.5558
198,sintra,637380,17.5,17.7,18.3,17.8,17.2,16.5,16.2,0.2117,0.2117,0.2117,0.2117,0.2117,0.2117,0.2117,9.1,8.3,4.6,5.1,8.1,8.8,4.7,0.2117,0.2117,0.2117,0.2117,0.2117,0.2117,0.2117
199,sobral-de-monte-agraco,16799,16.5,16.7,17.4,17.0,16.2,15.7,15.3,0.1724,0.1724,0.1724,0.1724,0.1724,0.1724,0.1724,4.8,4.3,2.5,4.7,7.8,7.1,2.8,0.1724,0.1724,0.1724,0.1724,0.1724,0.1724,0.1724
200,torres-vedras,131251,17.5,17.6,18.2,18.0,17.0,16.2,15.9,0.0998,0.0998,0.0998,0.0998,0.0998,0.0998,0.0998,3.8,7.2,5.2,5.7,9.0,8.2,5.3,0.0998,0.0998,0.0998,0.0998,0.0998,0.0998,0.0998
201,vila-franca-de-xira,231765,15.2,15.3,15.6,14.9,14.2,13.7,13.6,0.0799,0.0799,0.0799,0.0799,0.0799,0.0799,0.0799,4.9,5.6,4.1,7.0,7.9,7.5,4.1,0.0799,0.0799,0.0799,0.0799,0.0799,0.0799,0.0799
202,amadora,291627,17.1,17.2,18.1,18.0,17.2,16.6,16.4,0.2795,0.2795,0.2795,0.2795,0.2795,0.2795,0.2795,9.1,6.8,4.0,5.2,8.6,7.5,3.9,0.2795,0.2795,0.2795,0.2795,0.2795,0.2795,0.2795
203,odivelas,243685,17.3,17.3,18.2,18.0,17.3,16.7,16.5,0.3195,0.3195,0.3195,0.3195,0.3195,0.3195,0.3195,9.9,7.0,4.2,5.6,8.7,7.9,3.9,0.3195,0.3195,0.3195,0.3195,0.3195,0.3195,0.3195
204,alter-do-chao,5551,15.3,15.5,16.1,15.0,12.8,11.4,11.3,0.2113,0.2113,0.2113,0.2113,0.2113,0.2113,0.2113,3.2,1.6,2.2,6.0,7.8,6.4,1.6,0.2113,0.2113,0.2113,0.2113,0.2113,0.2113,0.2113
205,arronches,4929,15.4,15.9,16.5,15.2,13.8,11.9,12.4,0.2597,0.2597,0.2597,0.2597,0.2597,0.2597,0.2597,6.9,5.6,3.3,6.8,6.0,6.6,2.5,0.2597,0.2597,0.2597,0.2597,0.2597,0.2597,0.2597
206,avis,7217,16.6,16.9,17.8,17.1,16.2,15.2,15.0,0.1136,0.1136,0.1136,0.1136,0.1136,0.1136,0.1136,2.2,1.6,2.5,5.9,7.7,6.2,3.0,0.1136,0.1136,0.1136,0.1136,0.1136,0.1136,0.1136
207,campo-maior,13764,14.5,15.3,16.0,15.0,13.6,12.2,12.6,0.1038,0.1038,0.1038,0.1038,0.1038,0.1038,0.1038,1.4,2.2,1.0,7.1,5.9,3.7,0.4,0.1038,0.1038,0.1038,0.1038,0.1038,0.1038,0.1038
208,castelo-de-vide,5341,13.4,13.7,14.9,14.3,12.9,11.1,11.0,0.1672,0.1672,0.1672,0.1672,0.1672,0.1672,0.1672,4.1,2.1,2.2,4.7,6.4,6.0,1.1,0.1672,0.1672,0.1672,0.1672,0.1672,0.1672,0.1672
209,crato,5762,17.0,17.3,18.1,17.2,16.1,15.1,15.3,0.1595,0.1595,0.1595,0.1595,0.1595,0.1595,0.1595,7.3,4.8,3.1,5.0,7.8,7.6,1.7,0.1595,0.1595,0.1595,0.1595,0.1595,0.1595,0.1595
210,elvas,37482,13.9,14.3,15.5,14.9,13.4,11.7,11.9,0.1459,0.1459,0.1459,0.1459,0.1459,0.1459,0.1459,0.9,2.7,0.1,5.5,4.8,3.6,0.5,0.1459,0.1459,0.1459,0.1459,0.1459,0.1459,0.1459
211,fronteira,5422,16.9,17.0,17.8,16.6,15.4,14.5,14.3,0.1517,0.1517,0.1517,0.1517,0.1517,0.1517,0.1517,1.6,2.0,3.5,6.5,6.6,5.7,3.6,0.1517,0.1517,0.1517,0.1517,0.1517,0.1517,0.1517
212,gaviao,6221,15.8,15.9,16.9,16.3,15.4,14.5,14.7,0.1358,0.1358,0.1358,0.1358,0.1358,0.1358,0.1358,5.5,2.5,2.6,4.3,7.6,5.2,1.4,0.1358,0.1358,0.1358,0.1358,0.1358,0.1358,0.1358
213,marvao,5531,13.0,13.1,14.3,14.0,12.7,11.2,11.0,0.1576,0.1576,0.1576,0.1576,0.1576,0.1576,0.1576,3.2,5.0,0.7,4.6,4.8,4.4,0.2,0.1576,0.1576,0.1576,0.1576,0.1576,0.1576,0.1576
214,monforte,5214,15.0,15.3,16.3,14.9,13.6,11.3,11.2,0.2798,0.2798,0.2798,0.2798,0.2798,0.2798,0.2798,3.3,2.1,3.1,6.2,6.2,5.7,2.9,0.2798,0.2798,0.2798,0.2798,0.2798,0.2798,0.2798
215,nisa,11369,13.9,14.2,15.7,14.8,13.5,12.0,11.8,0.1518,0.1518,0.1518,0.1518,0.1518,0.1518,0.1518,3.1,1.4,2.0,5.2,7.4,4.5,-0.1,0.1518,0.1518,0.1518,0.1518,0.1518,0.1518,0.1518
216,ponte-de-sor,27085,16.8,17.2,17.9,17.1,16.5,15.6,15.6,0.0961,0.0961,0.0961,0.0961,0.0961,0.0961,0.0961,3.0,1.9,3.3,5.7,7.4,6.1,3.0,0.0961,0.0961,0.0961,0.0961,0.0961,0.0961,0.0961
217,portalegre,40797,14.3,14.4,15.3,15.0,13.5,12.0,12.0,0.1569,0.1569,0.1569,0.1569,0.1569,0.1569,0.1569,8.9,6.0,3.0,4.5,5.5,7.0,1.9,0.1569,0.1569,0.1569,0.1569,0.1569,0.1569,0.1569
218,sousel,7924,14.9,15.0,16.8,15.6,14.0,12.0,11.6,0.137,0.137,0.137,0.137,0.137,0.137,0.137,6.0,6.6,2.6,6.0,7.6,6.3,2.6,0.137,0.137,0.137,0.137,0.137,0.137,0.137
219,amarante,94420,16.1,16.5,17.3,16.7,15.5,15.1,15.2,0.191,0.191,0.191,0.191,0.191,0.191,0.191,5.3,5.0,2.6,4.4,4.8,5.5,1.4,0.191,0.191,0.191,0.191,0.191,0.191,0.191
220,baiao,34098,14.9,15.2,15.8,15.6,14.4,14.4,14.5,0.2038,0.2038,0.2038,0.2038,0.2038,0.2038,0.2038,3.8,2.3,0.5,3.2,4.2,2.6,0.9,0.2038,0.2038,0.2038,0.2038,0.2038,0.2038,0.2038
221,felgueiras,98811,17.0,17.4,18.1,17.5,16.0,15.3,15.5,0.1815,0.1815,0.1815,0.1815,0.1815,0.1815,0.1815,9.2,7.5,4.7,5.7,7.7,7.0,4.9,0.1815,0.1815,0.1815,0.1815,0.1815,0.1815,0.1815
222,gondomar,285039,17.3,17.6,18.2,17.7,16.7,16.1,16.1,0.1913,0.1913,0.1913,0.1913,0.1913,0.1913,0.1913,9.5,8.0,5.1,6.0,9.1,7.6,5.3,0.1913,0.1913,0.1913,0.1913,0.1913,0.1913,0.1913
223,lousada,80728,16.6,17.1,17.8,17.3,16.2,15.6,15.9,0.2194,0.2194,0.2194,0.2194,0.2194,0.2194,0.2194,8.6,5.5,4.1,5.6,6.8,6.2,4.3,0.2194,0.2194,0.2194,0.2194,0.2194,0.2194,0.2194
224,maia,229728,17.3,17.7,18.4,17.7,16.6,15.9,16.2,0.2035,0.2035,0.2035,0.2035,0.2035,0.2035,0.2035,8.4,7.1,4.9,5.7,8.4,8.0,4.8,0.2035,0.2035,0.2035,0.2035,0.2035,0.2035,0.2035
225,marco-de-canaveses,90286,15.8,16.4,16.7,16.2,14.9,14.3,14.4,0.2363,0.2363,0.2363,0.2363,0.2363,0.2363,0.2363,6.4,3.3,2.3,4.3,6.4,4.6,2.0,0.2363,0.2363,0.2363,0.2363,0.2363,0.2363,0.2363
226,matosinhos,297559,17.5,17.8,18.4,17.7,16.6,16.2,16.3,0.2266,0.2266,0.2266,0.2266,0.2266,0.2266,0.2266,8.4,8.1,5.1,6.6,9.0,8.9,5.1,0.2266,0.2266,0.2266,0.2266,0.2266,0.2266,0.2266
227,pacos-de-ferreira,96097,16.2,16.7,17.4,17.1,15.8,15.2,15.5,0.2281,0.2281,0.2281,0.2281,0.2281,0.2281,0.2281,6.1,4.6,2.5,4.6,6.2,5.5,3.5,0.2281,0.2281,0.2281,0.2281,0.2281,0.2281,0.2281
228,paredes,147792,16.7,17.2,17.8,17.4,16.3,15.8,16.0,0.2165,0.2165,0.2165,0.2165,0.2165,0.2165,0.2165,7.8,5.9,3.3,5.1,7.9,5.9,3.2,0.2165,0.2165,0.2165,0.2165,0.2165,0.2165,0.2165
229,penafiel,122564,16.2,16.6,16.9,16.5,15.3,14.9,15.0,0.1927,0.1927,0.1927,0.1927,0.1927,0.1927,0.1927,6.8,4.6,2.0,5.1,5.5,4.5,2.4,0.1927,0.1927,0.1927,0.1927,0.1927,0.1927,0.1927
230,porto,391720,16.2,16.4,17.7,17.0,15.2,13.9,13.5,0.4364,0.4364,0.4364,0.4364,0.4364,0.4364,0.4364,8.0,6.8,5.4,6.2,8.7,8.0,5.4,0.4364,0.4364,0.4364,0.4364,0.4364,0.4364,0.4364
231,povoa-de-varzim,106907,17.2,17.7,18.0,17.4,16.4,16.0,16.0,0.114,0.114,0.114,0.114,0.114,0.114,0.114,5.7,8.8,5.5,7.0,7.7,7.1,4.6,0.114,0.114,0.114,0.114,0.114,0.114,0.114
232,santo-tirso,120846,16.6,17.0,17.2,16.5,15.2,14.8,14.8,0.2227,0.2227,0.2227,0.2227,0.2227,0.2227,0.2227,7.8,5.4,3.6,4.8,6.7,5.8,4.0,0.2227,0.2227,0.2227,0.2227,0.2227,0.2227,0.2227
233,valongo,159691,17.3,17.7,18.2,17.6,16.4,15.8,15.9,0.3445,0.3445,0.3445,0.3445,0.3445,0.3445,0.3445,8.7,7.0,4.1,6.0,8.6,7.4,4.9,0.3445,0.3445,0.3445,0.3445,0.3445,0.3445,0.3445
234,vila-do-conde,134438,17.1,17.5,17.9,17.1,16.1,15.9,16.0,0.0948,0.0948,0.0948,0.0948,0.0948,0.0948,0.0948,4.6,4.0,4.2,6.0,6.7,6.5,4.7,0.0948,0.0948,0.0948,0.0948,0.0948,0.0948,0.0948
235,vila-nova-de-gaia,511291,16.8,17.0,17.8,17.5,16.4,15.7,15.7,0.1519,0.1519,0.1519,0.1519,0.1519,0.1519,0.1519,8.5,6.9,4.3,5.0,8.7,6.9,3.5,0.1519,0.1519,0.1519,0.1519,0.1519,0.1519,0.1519
236,trofa,66707,16.9,17.2,18.0,17.7,16.5,15.8,15.9,0.1707,0.1707,0.1707,0.1707,0.1707,0.1707,0.1707,9.1,6.8,5.1,5.6,7.9,7.6,5.3,0.1707,0.1707,0.1707,0.1707,0.1707,0.1707,0.1707
237,abrantes,63459,16.7,17.0,17.7,16.8,15.8,14.9,14.9,0.1142,0.1142,0.1142,0.1142,0.1142,0.1142,0.1142,3.5,3.2,4.6,5.6,7.0,7.8,3.5,0.1142,0.1142,0.1142,0.1142,0.1142,0.1142,0.1142
238,alcanena,22579,17.4,17.5,18.1,17.8,16.8,16.3,16.2,0.1262,0.1262,0.1262,0.1262,0.1262,0.1262,0.1262,9.8,7.4,6.0,6.6,6.4,9.0,4.9,0.1262,0.1262,0.1262,0.1262,0.1262,0.1262,0.1262
239,almeirim,38076,17.2,17.4,18.0,17.4,16.6,15.9,15.7,0.0816,0.0816,0.0816,0.0816,0.0816,0.0816,0.0816,4.3,2.6,2.6,6.7,8.0,7.1,3.4,0.0816,0.0816,0.0816,0.0816,0.0816,0.0816,0.0816
240,alpiarca,12375,17.2,17.5,17.9,17.2,16.2,15.6,15.9,0.0885,0.0885,0.0885,0.0885,0.0885,0.0885,0.0885,4.2,3.5,2.8,7.0,8.7,7.0,2.9,0.0885,0.0885,0.0885,0.0885,0.0885,0.0885,0.0885
241,benavente,48240,12.2,12.0,12.1,11.9,11.1,10.2,11.0,0.0824,0.0824,0.0824,0.0824,0.0824,0.0824,0.0824,2.7,2.0,2.2,7.0,7.8,7.1,3.1,0.0824,0.0824,0.0824,0.0824,0.0824,0.0824,0.0824
242,cartaxo,40234,17.0,17.2,17.7,17.3,16.5,16.2,16.1,0.0938,0.0938,0.0938,0.0938,0.0938,0.0938,0.0938,2.7,3.0,3.9,6.9,6.1,7.0,3.4,0.0938,0.0938,0.0938,0.0938,0.0938,0.0938,0.0938
243,chamusca,16349,16.8,17.1,17.7,16.9,15.8,15.0,15.0,0.097,0.097,0.097,0.097,0.097,0.097,0.097,4.9,4.1,3.8,6.4,7.3,7.5,3.3,0.097,0.097,0.097,0.097,0.097,0.097,0.097
244,constancia,6624,16.1,16.4,17.0,16.6,15.3,14.9,15.0,0.1228,0.1228,0.1228,0.1228,0.1228,0.1228,0.1228,4.4,4.6,4.2,6.0,6.7,7.5,3.3,0.1228,0.1228,0.1228,0.1228,0.1228,0.1228,0.1228
245,coruche,31635,16.8,16.9,17.5,17.0,16.0,15.2,14.9,0.091,0.091,0.091,0.091,0.091,0.091,0.091,2.2,2.6,2.3,6.9,8.1,6.9,3.7,0.091,0.091,0.091,0.091,0.091,0.091,0.091
246,entroncamento,33503,16.4,17.1,17.8,17.1,16.2,15.4,15.3,0.1435,0.1435,0.1435,0.1435,0.1435,0.1435,0.1435,6.5,3.4,3.8,5.4,7.8,6.3,2.6,0.1435,0.1435,0.1435,0.1435,0.1435,0.1435,0.1435
247,ferreira-do-zezere,13646,16.5,16.8,17.4,16.6,15.4,14.5,14.5,0.1116,0.1116,0.1116,0.1116,0.1116,0.1116,0.1116,7.3,3.0,3.5,4.5,6.5,7.3,1.8,0.1116,0.1116,0.1116,0.1116,0.1116,0.1116,0.1116
248,golega,8816,17.0,17.5,18.6,17.7,16.5,15.9,15.8,0.074,0.074,0.074,0.074,0.074,0.074,0.074,6.9,4.1,4.1,7.1,8.4,7.2,3.1,0.074,0.074,0.074,0.074,0.074,0.074,0.074
249,macao,11129,15.9,16.0,16.7,16.4,15.4,14.8,14.9,0.1897,0.1897,0.1897,0.1897,0.1897,0.1897,0.1897,9.6,6.5,3.2,4.0,5.8,6.1,2.1,0.1897,0.1897,0.1897,0.1897,0.1897,0.1897,0.1897
250,rio-maior,34800,17.0,17.2,18.0,17.5,16.5,16.0,15.7,0.107,0.107,0.107,0.107,0.107,0.107,0.107,7.3,3.0,4.6,6.6,5.9,7.7,4.4,0.107,0.107,0.107,0.107,0.107,0.107,0.107
251,salvaterra-de-magos,36165,17.3,17.6,18.1,17.4,16.6,16.0,15.6,0.1012,0.1012,0.1012,0.1012,0.1012,0.1012,0.1012,3.3,1.8,2.3,6.9,8.0,7.9,3.6,0.1012,0.1012,0.1012,0.1012,0.1012,0.1012,0.1012
252,santarem,101347,16.5,16.8,17.6,16.9,15.8,15.3,15.3,0.1214,0.1214,0.1214,0.1214,0.1214,0.1214,0.1214,6.6,3.4,3.8,6.2,6.6,7.4,3.3,0.1214,0.1214,0.1214,0.1214,0.1214,0.1214,0.1214
253,sardoal,6324,16.8,16.9,17.5,17.0,15.9,15.3,15.2,0.1142,0.1142,0.1142,0.1142,0.1142,0.1142,0.1142,6.0,4.7,4.6,5.7,7.4,8.0,3.6,0.1142,0.1142,0.1142,0.1142,0.1142,0.1142,0.1142
254,tomar,65798,17.6,17.8,18.2,17.6,16.7,15.9,15.7,0.1258,0.1258,0.1258,0.1258,0.1258,0.1258,0.1258,7.9,4.5,4.1,7.2,8.0,9.4,5.3,0.1258,0.1258,0.1258,0.1258,0.1258,0.1258,0.1258
255,torres-novas,59613,16.7,16.8,17.6,17.3,16.5,16.0,15.9,0.1048,0.1048,0.1048,0.1048,0.1048,0.1048,0.1048,7.9,4.8,4.1,6.3,7.5,6.8,2.7,0.1048,0.1048,0.1048,0.1048,0.1048,0.1048,0.1048
256,vila-nova-da-barquinha,11820,16.9,17.3,17.8,17.1,16.2,15.6,15.4,0.104,0.104,0.104,0.104,0.104,0.104,0.104,4.6,3.3,2.4,6.1,7.6,7.3,4.0,0.104,0.104,0.104,0.104,0.104,0.104,0.104
257,ourem,75040,16.3,16.6,17.4,17.2,16.0,15.3,15.2,0.111,0.111,0.111,0.111,0.111,0.111,0.111,5.7,4.6,2.4,5.9,7.3,6.1,1.9,0.111,0.111,0.111,0.111,0.111,0.111,0.111
258,alcacer-do-sal,21127,17.5,17.9,18.5,17.7,16.5,15.2,15.0,0.1,0.1,0.1,0.1,0.1,0.1,0.1,2.7,4.5,0.4,6.5,8.6,8.4,4.9,0.1,0.1,0.1,0.1,0.1,0.1,0.1
259,alcochete,29268,16.8,17.3,18.3,17.6,16.8,16.1,16.0,0.0887,0.0887,0.0887,0.0887,0.0887,0.0887,0.0887,2.3,2.7,2.1,6.4,8.5,6.8,3.8,0.0887,0.0887,0.0887,0.0887,0.0887,0.0887,0.0887
260,almada,286752,17.4,17.3,18.5,18.0,17.1,16.6,16.5,0.2705,0.2705,0.2705,0.2705,0.2705,0.2705,0.2705,3.4,5.2,4.3,6.1,7.4,8.7,5.7,0.2705,0.2705,0.2705,0.2705,0.2705,0.2705,0.2705
261,barreiro,129296,16.0,16.4,16.7,16.3,14.8,14.6,14.2,0.1372,0.1372,0.1372,0.1372,0.1372,0.1372,0.1372,4.0,3.6,3.7,5.9,8.8,7.0,4.1,0.1372,0.1372,0.1372,0.1372,0.1372,0.1372,0.1372
262,grandola,24027,16.6,17.0,18.1,17.9,16.6,15.7,15.3,0.1117,0.1117,0.1117,0.1117,0.1117,0.1117,0.1117,2.2,2.4,1.9,5.5,8.1,6.3,2.8,0.1117,0.1117,0.1117,0.1117,0.1117,0.1117,0.1117
263,moita,110228,16.7,17.1,18.1,17.7,17.1,16.6,16.6,0.1189,0.1189,0.1189,0.1189,0.1189,0.1189,0.1189,1.1,1.2,1.4,6.1,8.6,6.4,3.4,0.1189,0.1189,0.1189,0.1189,0.1189,0.1189,0.1189
264,montijo,85369,17.0,17.2,17.9,17.1,16.1,15.1,14.8,0.0964,0.0964,0.0964,0.0964,0.0964,0.0964,0.0964,1.5,1.8,0.6,5.5,7.8,7.2,3.8,0.0964,0.0964,0.0964,0.0964,0.0964,0.0964,0.0964
265,palmela,104011,17.0,17.5,18.3,17.7,16.8,16.1,15.8,0.0971,0.0971,0.0971,0.0971,0.0971,0.0971,0.0971,1.3,1.7,0.1,6.0,7.2,7.9,3.3,0.0971,0.0971,0.0971,0.0971,0.0971,0.0971,0.0971
266,santiago-do-cacem,48801,17.2,17.5,18.6,18.3,17.1,16.1,16.0,0.1142,0.1142,0.1142,0.1142,0.1142,0.1142,0.1142,1.8,4.1,2.5,4.0,7.5,7.5,4.1,0.1142,0.1142,0.1142,0.1142,0.1142,0.1142,0.1142
267,seixal,266358,17.5,17.8,18.7,18.3,17.8,17.4,17.2,0.1613,0.1613,0.1613,0.1613,0.1613,0.1613,0.1613,3.8,4.2,4.2,5.9,8.7,7.3,4.6,0.1613,0.1613,0.1613,0.1613,0.1613,0.1613,0.1613
268,sesimbra,82634,16.6,17.6,18.9,17.8,16.7,16.3,15.9,0.1553,0.1553,0.1553,0.1553,0.1553,0.1553,0.1553,0.8,1.1,0.3,4.1,9.7,8.7,3.4,0.1553,0.1553,0.1553,0.1553,0.1553,0.1553,0.1553
269,setubal,200907,17.6,17.9,18.7,18.4,17.5,16.8,16.6,0.1,0.1,0.1,0.1,0.1,0.1,0.1,4.5,4.2,2.4,5.5,8.9,7.9,4.2,0.1,0.1,0.1,0.1,0.1,0.1,0.1
270,sines,23904,18.3,18.6,19.4,18.9,17.3,16.2,16.0,0.1217,0.1217,0.1217,0.1217,0.1217,0.1217,0.1217,4.9,5.5,5.5,5.1,7.4,9.9,6.7,0.1217,0.1217,0.1217,0.1217,0.1217,0.1217,0.1217
271,arcos-de-valdevez,36058,16.8,16.9,17.3,16.9,15.3,14.6,14.7,0.2862,0.2862,0.2862,0.2862,0.2862,0.2862,0.2862,7.3,6.6,2.9,4.9,7.3,5.1,3.4,0.2862,0.2862,0.2862,0.2862,0.2862,0.2862,0.2862
272,caminha,27388,17.5,18.1,18.2,17.2,15.9,15.5,15.5,0.173,0.173,0.173,0.173,0.173,0.173,0.173,6.5,5.9,2.7,8.1,9.7,6.2,4.1,0.173,0.173,0.173,0.173,0.173,0.173,0.173
273,melgaco,14229,15.0,15.1,15.5,14.9,14.1,13.9,13.9,0.215,0.215,0.215,0.215,0.215,0.215,0.215,9.0,7.2,1.3,1.5,3.1,1.6,1.9,0.215,0.215,0.215,0.215,0.215,0.215,0.215
274,moncao,30961,15.3,15.9,16.6,15.9,15.0,15.0,15.0,0.1593,0.1593,0.1593,0.1593,0.1593,0.1593,0.1593,2.0,2.2,0.2,4.8,2.4,1.1,0.2,0.1593,0.1593,0.1593,0.1593,0.1593,0.1593,0.1593
275,paredes-de-coura,14797,16.4,16.8,17.0,16.4,15.3,14.5,14.5,0.1208,0.1208,0.1208,0.1208,0.1208,0.1208,0.1208,5.4,5.7,1.9,5.2,6.9,4.5,1.2,0.1208,0.1208,0.1208,0.1208,0.1208,0.1208,0.1208
276,ponte-da-barca,19553,17.3,17.5,18.1,17.5,16.0,15.5,15.5,0.3102,0.3102,0.3102,0.3102,0.3102,0.3102,0.3102,8.4,7.4,3.8,8.0,10.2,6.1,4.1,0.3102,0.3102,0.3102,0.3102,0.3102,0.3102,0.3102
277,ponte-de-lima,71640,17.3,17.8,18.4,17.5,16.2,15.6,15.9,0.1585,0.1585,0.1585,0.1585,0.1585,0.1585,0.1585,8.6,8.0,4.8,8.7,9.8,7.9,6.0,0.1585,0.1585,0.1585,0.1585,0.1585,0.1585,0.1585
278,valenca,23186,16.8,16.9,17.5,16.9,15.7,15.2,15.4,0.1667,0.1667,0.1667,0.1667,0.1667,0.1667,0.1667,10.5,6.7,4.9,7.5,7.3,7.3,5.7,0.1667,0.1667,0.1667,0.1667,0.1667,0.1667,0.1667
279,viana-do-castelo,147619,17.0,17.6,18.1,17.4,16.1,16.1,16.3,0.1517,0.1517,0.1517,0.1517,0.1517,0.1517,0.1517,6.8,6.1,4.4,5.6,7.9,6.1,3.6,0.1517,0.1517,0.1517,0.1517,0.1517,0.1517,0.1517
280,vila-nova-de-cerveira,15099,16.0,16.3,17.2,16.5,15.2,14.8,15.0,0.1242,0.1242,0.1242,0.1242,0.1242,0.1242,0.1242,5.3,4.4,2.8,5.4,5.2,4.9,1.8,0.1242,0.1242,0.1242,0.1242,0.1242,0.1242,0.1242
281,alijo,19183,14.8,15.0,15.5,15.3,14.3,14.1,14.3,0.1277,0.1277,0.1277,0.1277,0.1277,0.1277,0.1277,3.2,2.1,-0.3,2.5,2.6,1.3,0.4,0.1277,0.1277,0.1277,0.1277,0.1277,0.1277,0.1277
282,boticas,9092,15.6,15.9,17.0,16.4,15.5,14.8,14.8,0.2732,0.2732,0.2732,0.2732,0.2732,0.2732,0.2732,1.1,-0.4,-2.1,0.8,-1.1,-2.4,-3.0,0.2732,0.2732,0.2732,0.2732,0.2732,0.2732,0.2732
283,chaves,67359,15.6,15.9,16.5,15.8,15.0,15.0,14.9,0.2199,0.2199,0.2199,0.2199,0.2199,0.2199,0.2199,3.4,3.5,1.2,6.1,3.6,1.6,2.4,0.2199,0.2199,0.2199,0.2199,0.2199,0.2199,0.2199
284,mesao-frio,7358,12.3,12.5,13.9,13.4,12.4,11.8,11.7,0.0922,0.0922,0.0922,0.0922,0.0922,0.0922,0.0922,3.2,2.8,1.3,5.3,5.1,2.3,1.4,0.0922,0.0922,0.0922,0.0922,0.0922,0.0922,0.0922
285,mondim-de-basto,12252,16.9,16.8,17.6,16.9,15.4,14.9,14.9,0.1793,0.1793,0.1793,0.1793,0.1793,0.1793,0.1793,4.2,3.7,4.6,4.8,3.6,5.7,1.9,0.1793,0.1793,0.1793,0.1793,0.1793,0.1793,0.1793
286,montalegre,16590,14.0,14.1,14.5,14.3,13.3,13.1,13.1,0.244,0.244,0.244,0.244,0.244,0.244,0.244,2.4,1.1,-0.4,1.0,0.8,0.2,-0.4,0.244,0.244,0.244,0.244,0.244,0.244,0.244
287,murca,9568,17.1,17.2,17.8,17.1,15.7,14.9,14.8,0.1632,0.1632,0.1632,0.1632,0.1632,0.1632,0.1632,1.2,1.4,-0.2,4.1,1.9,0.1,-0.2,0.1632,0.1632,0.1632,0.1632,0.1632,0.1632,0.1632
288,peso-da-regua,28587,16.3,16.5,17.2,17.0,16.3,16.0,16.0,0.0904,0.0904,0.0904,0.0904,0.0904,0.0904,0.0904,6.3,4.4,3.3,6.2,6.5,4.8,3.4,0.0904,0.0904,0.0904,0.0904,0.0904,0.0904,0.0904
289,ribeira-de-pena,10519,14.9,15.6,16.6,15.9,14.7,14.3,14.6,0.1756,0.1756,0.1756,0.1756,0.1756,0.1756,0.1756,7.4,5.4,1.9,3.5,4.8,3.8,1.3,0.1756,0.1756,0.1756,0.1756,0.1756,0.1756,0.1756
290,sabrosa,10240,14.0,14.2,14.9,14.7,13.9,13.9,14.1,0.1094,0.1094,0.1094,0.1094,0.1094,0.1094,0.1094,0.5,1.7,-0.7,2.7,1.1,-0.2,-0.4,0.1094,0.1094,0.1094,0.1094,0.1094,0.1094,0.1094
291,santa-marta-de-penaguiao,11988,16.5,16.7,17.4,17.0,16.2,15.7,15.3,0.0947,0.0947,0.0947,0.0947,0.0947,0.0947,0.0947,2.6,2.4,1.0,4.0,2.9,1.5,1.4,0.0947,0.0947,0.0947,0.0947,0.0947,0.0947,0.0947
292,valpacos,26672,15.2,15.4,16.0,15.7,15.2,15.0,15.1,0.1876,0.1876,0.1876,0.1876,0.1876,0.1876,0.1876,1.5,2.1,0.0,4.8,2.3,-0.2,0.4,0.1876,0.1876,0.1876,0.1876,0.1876,0.1876,0.1876
293,vila-pouca-de-aguiar,21378,13.7,14.0,15.0,15.0,13.9,13.7,13.7,0.2258,0.2258,0.2258,0.2258,0.2258,0.2258,0.2258,3.1,-0.8,-0.5,1.7,1.3,0.1,-1.3,0.2258,0.2258,0.2258,0.2258,0.2258,0.2258,0.2258
294,vila-real,86645,16.2,16.5,17.1,16.8,15.8,15.5,15.5,0.1321,0.1321,0.1321,0.1321,0.1321,0.1321,0.1321,6.4,5.0,2.5,4.4,5.3,4.2,3.7,0.1321,0.1321,0.1321,0.1321,0.1321,0.1321,0.1321
295,armamar,10169,17.2,17.2,17.4,17.0,15.6,14.4,14.5,0.1143,0.1143,0.1143,0.1143,0.1143,0.1143,0.1143,1.3,0.7,-0.4,2.5,2.2,0.1,-0.4,0.1143,0.1143,0.1143,0.1143,0.1143,0.1143,0.1143
296,carregal-do-sal,15808,15.6,15.8,16.8,16.3,15.4,14.7,14.7,0.1354,0.1354,0.1354,0.1354,0.1354,0.1354,0.1354,5.1,1.6,0.6,3.1,4.5,3.9,0.1,0.1354,0.1354,0.1354,0.1354,0.1354,0.1354,0.1354
297,castro-daire,24481,16.1,16.4,16.8,16.3,15.1,14.4,14.7,0.2,0.2,0.2,0.2,0.2,0.2,0.2,7.1,4.0,2.1,3.3,4.6,3.9,2.3,0.2,0.2,0.2,0.2,0.2,0.2,0.2
298,cinfaes,33606,14.4,15.0,15.6,15.3,14.0,13.5,13.4,0.2154,0.2154,0.2154,0.2154,0.2154,0.2154,0.2154,5.1,1.6,-0.0,0.8,5.4,1.1,-0.9,0.2154,0.2154,0.2154,0.2154,0.2154,0.2154,0.2154
299,lamego,44263,13.9,14.2,15.1,15.3,14.4,14.2,14.2,0.1149,0.1149,0.1149,0.1149,0.1149,0.1149,0.1149,1.4,-0.0,-0.8,2.1,0.8,0.1,-0.6,0.1149,0.1149,0.1149,0.1149,0.1149,0.1149,0.1149
300,mangualde,32355,15.8,16.3,16.7,16.2,14.8,14.2,14.2,0.2111,0.2111,0.2111,0.2111,0.2111,0.2111,0.2111,5.0,2.5,2.2,2.9,5.5,4.3,2.5,0.2111,0.2111,0.2111,0.2111,0.2111,0.2111,0.2111
301,moimenta-da-beira,16549,13.7,14.0,14.8,14.7,13.7,13.4,13.1,0.1968,0.1968,0.1968,0.1968,0.1968,0.1968,0.1968,0.8,-0.9,-2.3,1.2,0.4,-1.3,-2.0,0.1968,0.1968,0.1968,0.1968,0.1968,0.1968,0.1968
302,mortagua,15527,17.3,17.3,18.3,18.1,17.4,16.8,16.6,0.0854,0.0854,0.0854,0.0854,0.0854,0.0854,0.0854,9.4,7.5,5.4,5.2,6.8,8.2,3.7,0.0854,0.0854,0.0854,0.0854,0.0854,0.0854,0.0854
303,nelas,22709,16.6,16.9,17.1,16.3,15.3,14.6,14.6,0.1462,0.1462,0.1462,0.1462,0.1462,0.1462,0.1462,5.9,4.0,2.5,4.7,5.5,5.3,3.8,0.1462,0.1462,0.1462,0.1462,0.1462,0.1462,0.1462
304,oliveira-de-frades,16815,15.3,15.8,16.3,16.0,15.0,14.6,14.6,0.0986,0.0986,0.0986,0.0986,0.0986,0.0986,0.0986,4.5,4.1,1.8,2.5,4.1,3.6,0.6,0.0986,0.0986,0.0986,0.0986,0.0986,0.0986,0.0986
305,penalva-do-castelo,12632,15.0,15.2,16.2,15.7,14.6,14.0,14.1,0.1519,0.1519,0.1519,0.1519,0.1519,0.1519,0.1519,4.1,2.1,0.4,3.4,3.9,2.2,-0.4,0.1519,0.1519,0.1519,0.1519,0.1519,0.1519,0.1519
306,penedono,4697,13.3,13.7,14.5,14.4,13.0,12.9,13.0,0.2423,0.2423,0.2423,0.2423,0.2423,0.2423,0.2423,0.9,-0.1,-2.1,0.8,-1.4,-1.3,-2.0,0.2423,0.2423,0.2423,0.2423,0.2423,0.2423,0.2423
307,resende,18586,13.6,14.1,14.6,14.5,13.3,12.7,12.8,0.2862,0.2862,0.2862,0.2862,0.2862,0.2862,0.2862,2.3,0.1,-1.7,0.4,1.3,-0.7,-1.5,0.2862,0.2862,0.2862,0.2862,0.2862,0.2862,0.2862
308,santa-comba-dao,18708,16.1,16.4,17.2,16.3,15.7,14.7,14.8,0.0949,0.0949,0.0949,0.0949,0.0949,0.0949,0.0949,7.0,4.3,1.9,3.2,3.6,5.4,0.8,0.0949,0.0949,0.0949,0.0949,0.0949,0.0949,0.0949
309,sao-joao-da-pesqueira,12872,14.5,14.8,15.8,15.5,14.2,14.4,14.5,0.1005,0.1005,0.1005,0.1005,0.1005,0.1005,0.1005,3.4,0.5,0.2,4.2,2.4,1.5,0.7,0.1005,0.1005,0.1005,0.1005,0.1005,0.1005,0.1005
310,sao-pedro-do-sul,27109,14.6,14.8,15.5,15.8,14.7,14.4,14.4,0.1549,0.1549,0.1549,0.1549,0.1549,0.1549,0.1549,3.0,0.8,0.1,2.1,0.8,1.0,-0.7,0.1549,0.1549,0.1549,0.1549,0.1549,0.1549,0.1549
311,satao,20097,15.5,15.7,16.3,16.0,14.7,14.2,14.4,0.1266,0.1266,0.1266,0.1266,0.1266,0.1266,0.1266,4.4,2.0,1.0,2.8,3.2,2.8,0.5,0.1266,0.1266,0.1266,0.1266,0.1266,0.1266,0.1266
312,sernancelhe,9102,14.0,14.5,15.4,15.1,14.0,13.8,13.6,0.2221,0.2221,0.2221,0.2221,0.2221,0.2221,0.2221,0.6,-0.3,-1.0,2.3,3.6,0.7,-0.6,0.2221,0.2221,0.2221,0.2221,0.2221,0.2221,0.2221
313,tabuaco,10392,13.7,14.0,14.9,14.8,13.3,13.4,13.4,0.1371,0.1371,0.1371,0.1371,0.1371,0.1371,0.1371,1.5,0.1,-1.6,1.5,0.9,-0.7,-0.9,0.1371,0.1371,0.1371,0.1371,0.1371,0.1371,0.1371
314,tarouca,13262,14.0,14.3,15.3,15.2,14.1,13.8,13.8,0.1437,0.1437,0.1437,0.1437,0.1437,0.1437,0.1437,1.3,0.2,-1.5,2.6,2.6,-0.2,-1.2,0.1437,0.1437,0.1437,0.1437,0.1437,0.1437,0.1437
315,tondela,46573,16.5,16.7,17.3,16.5,15.4,14.6,14.9,0.1096,0.1096,0.1096,0.1096,0.1096,0.1096,0.1096,8.2,5.6,4.2,4.6,5.6,6.8,2.5,0.1096,0.1096,0.1096,0.1096,0.1096,0.1096,0.1096
316,vila-nova-de-paiva,8282,14.5,14.7,15.4,15.0,13.8,13.3,13.4,0.2981,0.2981,0.2981,0.2981,0.2981,0.2981,0.2981,3.2,1.4,-0.5,1.4,1.9,0.8,0.1,0.2981,0.2981,0.2981,0.2981,0.2981,0.2981,0.2981
317,viseu,164901,16.0,16.3,17.0,16.8,15.5,15.1,15.0,0.1235,0.1235,0.1235,0.1235,0.1235,0.1235,0.1235,6.3,4.2,2.1,3.3,4.5,4.4,2.5,0.1235,0.1235,0.1235,0.1235,0.1235,0.1235,0.1235
318,vouzela,16954,15.4,15.6,16.2,15.7,14.5,13.9,13.8,0.111,0.111,0.111,0.111,0.111,0.111,0.111,6.8,4.5,0.9,2.3,3.3,3.6,3.3,0.111,0.111,0.111,0.111,0.111,0.111,0.111
